[
  {
    "lambda": 150,
    "queueSize": 64,
    "Loss Probability": 0.01101,
    "Average Delay": 0.00673,
    "Transmitted bandwidth": 117924.53333,
    "Wk": 0.01
  },
  {
    "Transmitted bandwidth": 114169.66667,
    "Wk": 0.01,
    "Average Delay": 0.00675,
    "queueSize": 96,
    "Loss Probability": 0.02255,
    "lambda": 150
  },
  {
    "Transmitted bandwidth": 115667.4,
    "Wk": 0.01,
    "Average Delay": 0.00674,
    "queueSize": 128,
    "Loss Probability": 0,
    "lambda": 150
  },
  {
    "Transmitted bandwidth": 117166.072,
    "Wk": 0.01,
    "Average Delay": 0.00678,
    "queueSize": 10000,
    "Loss Probability": 0.00133,
    "lambda": 150
  },
  {
    "Transmitted bandwidth": 232950.93333,
    "Wk": 0.04,
    "Average Delay": 0.01408,
    "queueSize": 64,
    "Loss Probability": 0.04449,
    "lambda": 300
  },
  {
    "Transmitted bandwidth": 237435.86667,
    "Wk": 0.04,
    "Average Delay": 0.01362,
    "queueSize": 96,
    "Loss Probability": 0.09951,
    "lambda": 300
  },
  {
    "Transmitted bandwidth": 236368,
    "Wk": 0.04,
    "Average Delay": 0.01463,
    "queueSize": 128,
    "Loss Probability": 0.09956,
    "lambda": 300
  },
  {
    "Transmitted bandwidth": 233576.692,
    "Wk": 0.04,
    "Average Delay": 0.014,
    "queueSize": 10000,
    "Loss Probability": 0.00468,
    "lambda": 300
  },
  {
    "Transmitted bandwidth": 272711.26667,
    "Wk": -0.02,
    "Average Delay": 0.18101,
    "queueSize": 64,
    "Loss Probability": 22.3342,
    "lambda": 450
  },
  {
    "Transmitted bandwidth": 273241,
    "Wk": -0.02,
    "Average Delay": 0.26995,
    "queueSize": 96,
    "Loss Probability": 21.87301,
    "lambda": 450
  },
  {
    "Transmitted bandwidth": 269315.93333,
    "Wk": -0.02,
    "Average Delay": 0.35386,
    "queueSize": 128,
    "Loss Probability": 21.2317,
    "lambda": 450
  },
  {
    "Transmitted bandwidth": 273435.2,
    "Wk": -0.02,
    "Average Delay": 24.90107,
    "queueSize": 10000,
    "Loss Probability": 22.3274,
    "lambda": 450
  }
]