[
  {
    "lambdaAI": 150,
    "lambdaBI": 150,
    "lambdaIA": 450,
    "lamdbaIB": 150,
    "queueSize": 64,
    "B": 10000000,
    "R": 500,
    "Loss Probability nodes": 50.33681,
    "Loss Probability links": 0,
    "Loss Probability": 50.33681,
    "Average Delay ABI": 0.26196,
    "Average Delay IA": 0.26221,
    "Average Delay IB": 0.26121,
    "Transmitted bandwidth ABI": 136038.92,
    "Transmitted bandwidth IA": 209406.18,
    "Transmitted bandwidth IB": 70317.12,
    "WkABI": -0.00527,
    "WkIA": -0.01019,
    "WkIB": -0.0024
  },
  {
    "lamdbaIB": 150,
    "Average Delay IB": 0.16874,
    "Average Delay IA": 0.16915,
    "B": 10000000,
    "WkABI": -0.00666,
    "WkIB": -0.01143,
    "Transmitted bandwidth IB": 98043.16,
    "WkIA": -0.00603,
    "Loss Probability nodes": 19.89152,
    "lambdaIA": 450,
    "R": 750,
    "Average Delay ABI": 0.16903,
    "Loss Probability links": 0,
    "lambdaBI": 150,
    "queueSize": 64,
    "Loss Probability": 19.89152,
    "Transmitted bandwidth IA": 292033.42,
    "Transmitted bandwidth ABI": 193003.4,
    "lambdaAI": 150
  },
  {
    "lamdbaIB": 150,
    "Average Delay IB": 0.01154,
    "Average Delay IA": 0.01195,
    "B": 10000000,
    "WkABI": 0.02419,
    "WkIB": 0.0217,
    "Transmitted bandwidth IB": 116578.96,
    "WkIA": 0.02418,
    "Loss Probability nodes": 0,
    "lambdaIA": 450,
    "R": 1000,
    "Average Delay ABI": 0.01188,
    "Loss Probability links": 0,
    "lambdaBI": 150,
    "queueSize": 64,
    "Loss Probability": 0,
    "Transmitted bandwidth IA": 353922.36,
    "Transmitted bandwidth ABI": 234597.2,
    "lambdaAI": 150
  },
  {
    "lamdbaIB": 150,
    "Average Delay IB": 0.51634,
    "Average Delay IA": 0.51725,
    "B": 10000000,
    "WkABI": -0.00527,
    "WkIB": -0.0024,
    "Transmitted bandwidth IB": 69967.88,
    "WkIA": -0.01019,
    "Loss Probability nodes": 50.34569,
    "lambdaIA": 450,
    "R": 500,
    "Average Delay ABI": 0.51662,
    "Loss Probability links": 0,
    "lambdaBI": 150,
    "queueSize": 128,
    "Loss Probability": 50.34569,
    "Transmitted bandwidth IA": 210202.24,
    "Transmitted bandwidth ABI": 136382,
    "lambdaAI": 150
  },
  {
    "lamdbaIB": 150,
    "Average Delay IB": 0.33873,
    "Average Delay IA": 0.33951,
    "B": 10000000,
    "WkABI": -0.00666,
    "WkIB": -0.01143,
    "Transmitted bandwidth IB": 102153.64,
    "WkIA": -0.00603,
    "Loss Probability nodes": 20.40299,
    "lambdaIA": 450,
    "R": 750,
    "Average Delay ABI": 0.3382,
    "Loss Probability links": 0,
    "lambdaBI": 150,
    "queueSize": 128,
    "Loss Probability": 20.40299,
    "Transmitted bandwidth IA": 313569.02,
    "Transmitted bandwidth ABI": 163103.46,
    "lambdaAI": 150
  },
  {
    "lamdbaIB": 150,
    "Average Delay IB": 0.01177,
    "Average Delay IA": 0.01205,
    "B": 10000000,
    "WkABI": 0.02419,
    "WkIB": 0.0217,
    "Transmitted bandwidth IB": 118515.4,
    "WkIA": 0.02418,
    "Loss Probability nodes": 0,
    "lambdaIA": 450,
    "R": 1000,
    "Average Delay ABI": 0.01201,
    "Loss Probability links": 0,
    "lambdaBI": 150,
    "queueSize": 128,
    "Loss Probability": 0,
    "Transmitted bandwidth IA": 351512.16,
    "Transmitted bandwidth ABI": 233225.9,
    "lambdaAI": 150
  },
  {
    "lamdbaIB": 600,
    "Average Delay IB": 0.26328,
    "Average Delay IA": 0.26291,
    "B": 10000000,
    "WkABI": -0.00712,
    "WkIB": -0.00167,
    "Transmitted bandwidth IB": 181109.86,
    "WkIA": -0.00407,
    "Loss Probability nodes": 68.86081,
    "lambdaIA": 450,
    "R": 500,
    "Average Delay ABI": 0.26375,
    "Loss Probability links": 0,
    "lambdaBI": 150,
    "queueSize": 64,
    "Loss Probability": 68.86081,
    "Transmitted bandwidth IA": 136728.82,
    "Transmitted bandwidth ABI": 96839.9,
    "lambdaAI": 150
  },
  {
    "lamdbaIB": 600,
    "Average Delay IB": 0.17536,
    "Average Delay IA": 0.17515,
    "B": 10000000,
    "WkABI": 0.00223,
    "WkIB": -0.00037,
    "Transmitted bandwidth IB": 302346.2,
    "WkIA": 0.00209,
    "Loss Probability nodes": 50.1679,
    "lambdaIA": 450,
    "R": 750,
    "Average Delay ABI": 0.17415,
    "Loss Probability links": 0,
    "lambdaBI": 150,
    "queueSize": 64,
    "Loss Probability": 50.1679,
    "Transmitted bandwidth IA": 223501.38,
    "Transmitted bandwidth ABI": 60020.2,
    "lambdaAI": 150
  },
  {
    "lamdbaIB": 600,
    "Average Delay IB": 0.12957,
    "Average Delay IA": 0.12944,
    "B": 10000000,
    "WkABI": -0.00023,
    "WkIB": -0.00046,
    "Transmitted bandwidth IB": 344580.34,
    "WkIA": -0.00207,
    "Loss Probability nodes": 29.5911,
    "lambdaIA": 450,
    "R": 1000,
    "Average Delay ABI": 0.12986,
    "Loss Probability links": 0,
    "lambdaBI": 150,
    "queueSize": 64,
    "Loss Probability": 29.5911,
    "Transmitted bandwidth IA": 258172.5,
    "Transmitted bandwidth ABI": 194264.96,
    "lambdaAI": 150
  },
  {
    "lamdbaIB": 600,
    "Average Delay IB": 0.51874,
    "Average Delay IA": 0.51817,
    "B": 10000000,
    "WkABI": -0.00712,
    "WkIB": -0.00167,
    "Transmitted bandwidth IB": 146795.44,
    "WkIA": -0.00407,
    "Loss Probability nodes": 66.64566,
    "lambdaIA": 450,
    "R": 500,
    "Average Delay ABI": 0.51748,
    "Loss Probability links": 0,
    "lambdaBI": 150,
    "queueSize": 128,
    "Loss Probability": 66.64566,
    "Transmitted bandwidth IA": 108654.66,
    "Transmitted bandwidth ABI": 36064.9,
    "lambdaAI": 150
  },
  {
    "lamdbaIB": 600,
    "Average Delay IB": 0.34532,
    "Average Delay IA": 0.3452,
    "B": 10000000,
    "WkABI": 0.00223,
    "WkIB": -0.00037,
    "Transmitted bandwidth IB": 286744.34,
    "WkIA": 0.00209,
    "Loss Probability nodes": 50.84066,
    "lambdaIA": 450,
    "R": 750,
    "Average Delay ABI": 0.34399,
    "Loss Probability links": 0,
    "lambdaBI": 150,
    "queueSize": 128,
    "Loss Probability": 50.84066,
    "Transmitted bandwidth IA": 216002.56,
    "Transmitted bandwidth ABI": 75700.36,
    "lambdaAI": 150
  },
  {
    "lamdbaIB": 600,
    "Average Delay IB": 0.25737,
    "Average Delay IA": 0.25722,
    "B": 10000000,
    "WkABI": -0.00023,
    "WkIB": -0.00046,
    "Transmitted bandwidth IB": 348467.82,
    "WkIA": -0.00207,
    "Loss Probability nodes": 31.82792,
    "lambdaIA": 450,
    "R": 1000,
    "Average Delay ABI": 0.25694,
    "Loss Probability links": 0,
    "lambdaBI": 150,
    "queueSize": 128,
    "Loss Probability": 31.82792,
    "Transmitted bandwidth IA": 258912.8,
    "Transmitted bandwidth ABI": 147973,
    "lambdaAI": 150
  },
  {
    "lamdbaIB": 150,
    "Average Delay IB": 0.26215,
    "Average Delay IA": 0.38697,
    "B": 10000000,
    "WkABI": 0.00049,
    "WkIB": 0.00024,
    "Transmitted bandwidth IB": 28387.62,
    "WkIA": -0.00141,
    "Loss Probability nodes": 74.20734,
    "lambdaIA": 450,
    "R": 500,
    "Average Delay ABI": 0.35814,
    "Loss Probability links": 0,
    "lambdaBI": 150,
    "queueSize": 64,
    "Loss Probability": 74.20734,
    "Transmitted bandwidth IA": 73365.22,
    "Transmitted bandwidth ABI": 104935.18,
    "lambdaAI": 600
  },
  {
    "lamdbaIB": 150,
    "Average Delay IB": 0.17412,
    "Average Delay IA": 0.22679,
    "B": 10000000,
    "WkABI": -0.00226,
    "WkIB": -0.00143,
    "Transmitted bandwidth IB": 45330,
    "WkIA": -0.00353,
    "Loss Probability nodes": 49.68963,
    "lambdaIA": 450,
    "R": 750,
    "Average Delay ABI": 0.21033,
    "Loss Probability links": 0,
    "lambdaBI": 150,
    "queueSize": 64,
    "Loss Probability": 49.68963,
    "Transmitted bandwidth IA": 133301.62,
    "Transmitted bandwidth ABI": 491713.02,
    "lambdaAI": 600
  },
  {
    "lamdbaIB": 150,
    "Average Delay IB": 0.12951,
    "Average Delay IA": 0.13402,
    "B": 10000000,
    "WkABI": -0.01813,
    "WkIB": -0.00401,
    "Transmitted bandwidth IB": 86573.1,
    "WkIA": -0.01841,
    "Loss Probability nodes": 31.99804,
    "lambdaIA": 450,
    "R": 1000,
    "Average Delay ABI": 0.13317,
    "Loss Probability links": 0,
    "lambdaBI": 150,
    "queueSize": 64,
    "Loss Probability": 31.99804,
    "Transmitted bandwidth IA": 256770.1,
    "Transmitted bandwidth ABI": 424488.96,
    "lambdaAI": 600
  },
  {
    "lamdbaIB": 150,
    "Average Delay IB": 0.51775,
    "Average Delay IA": 0.77081,
    "B": 10000000,
    "WkABI": 0.00049,
    "WkIB": 0.00024,
    "Transmitted bandwidth IB": 43204.78,
    "WkIA": -0.00141,
    "Loss Probability nodes": 76.6031,
    "lambdaIA": 450,
    "R": 500,
    "Average Delay ABI": 0.71806,
    "Loss Probability links": 0,
    "lambdaBI": 150,
    "queueSize": 128,
    "Loss Probability": 76.6031,
    "Transmitted bandwidth IA": 114448.36,
    "Transmitted bandwidth ABI": 140712.56,
    "lambdaAI": 600
  },
  {
    "lamdbaIB": 150,
    "Average Delay IB": 0.34368,
    "Average Delay IA": 0.51126,
    "B": 10000000,
    "WkABI": -0.00226,
    "WkIB": -0.00143,
    "Transmitted bandwidth IB": 98557.9,
    "WkIA": -0.00353,
    "Loss Probability nodes": 52.50524,
    "lambdaIA": 450,
    "R": 750,
    "Average Delay ABI": 0.47249,
    "Loss Probability links": 0,
    "lambdaBI": 150,
    "queueSize": 128,
    "Loss Probability": 52.50524,
    "Transmitted bandwidth IA": 270427.16,
    "Transmitted bandwidth ABI": 219673.08,
    "lambdaAI": 600
  },
  {
    "lamdbaIB": 150,
    "Average Delay IB": 0.25726,
    "Average Delay IA": 0.26234,
    "B": 10000000,
    "WkABI": -0.01813,
    "WkIB": -0.00401,
    "Transmitted bandwidth IB": 85348.28,
    "WkIA": -0.01841,
    "Loss Probability nodes": 32.06684,
    "lambdaIA": 450,
    "R": 1000,
    "Average Delay ABI": 0.26135,
    "Loss Probability links": 0,
    "lambdaBI": 150,
    "queueSize": 128,
    "Loss Probability": 32.06684,
    "Transmitted bandwidth IA": 258191.26,
    "Transmitted bandwidth ABI": 422491.92,
    "lambdaAI": 600
  },
  {
    "lamdbaIB": 600,
    "Average Delay IB": 0.26384,
    "Average Delay IA": 0.38739,
    "B": 10000000,
    "WkABI": -0.0005,
    "WkIB": -0.00086,
    "Transmitted bandwidth IB": 144073.14,
    "WkIA": 0.00025,
    "Loss Probability nodes": 79.66835,
    "lambdaIA": 450,
    "R": 500,
    "Average Delay ABI": 0.36033,
    "Loss Probability links": 0,
    "lambdaBI": 150,
    "queueSize": 64,
    "Loss Probability": 79.66835,
    "Transmitted bandwidth IA": 66360.78,
    "Transmitted bandwidth ABI": 220319.6,
    "lambdaAI": 600
  },
  {
    "lamdbaIB": 600,
    "Average Delay IB": 0.17464,
    "Average Delay IA": 0.23897,
    "B": 10000000,
    "WkABI": -0.00127,
    "WkIB": 0.00106,
    "Transmitted bandwidth IB": 102914.34,
    "WkIA": -0.00076,
    "Loss Probability nodes": 70.69482,
    "lambdaIA": 450,
    "R": 750,
    "Average Delay ABI": 0.22593,
    "Loss Probability links": 0,
    "lambdaBI": 150,
    "queueSize": 64,
    "Loss Probability": 70.69482,
    "Transmitted bandwidth IA": 74710.62,
    "Transmitted bandwidth ABI": 126897.84,
    "lambdaAI": 600
  },
  {
    "lamdbaIB": 600,
    "Average Delay IB": 0.13162,
    "Average Delay IA": 0.1334,
    "B": 10000000,
    "WkABI": -0.0144,
    "WkIB": 0.00275,
    "Transmitted bandwidth IB": 249237.76,
    "WkIA": -0.0085,
    "Loss Probability nodes": 55.3634,
    "lambdaIA": 450,
    "R": 1000,
    "Average Delay ABI": 0.13291,
    "Loss Probability links": 0,
    "lambdaBI": 150,
    "queueSize": 64,
    "Loss Probability": 55.3634,
    "Transmitted bandwidth IA": 187494.38,
    "Transmitted bandwidth ABI": 255797.56,
    "lambdaAI": 600
  },
  {
    "lamdbaIB": 600,
    "Average Delay IB": 0.51877,
    "Average Delay IA": 0.77029,
    "B": 10000000,
    "WkABI": -0.0005,
    "WkIB": -0.00086,
    "Transmitted bandwidth IB": 103916.74,
    "WkIA": 0.00025,
    "Loss Probability nodes": 79.58856,
    "lambdaIA": 450,
    "R": 500,
    "Average Delay ABI": 0.67239,
    "Loss Probability links": 0,
    "lambdaBI": 150,
    "queueSize": 128,
    "Loss Probability": 79.58856,
    "Transmitted bandwidth IA": 46567.02,
    "Transmitted bandwidth ABI": 67990.2,
    "lambdaAI": 600
  },
  {
    "lamdbaIB": 600,
    "Average Delay IB": 0.34639,
    "Average Delay IA": 0.50473,
    "B": 10000000,
    "WkABI": -0.00127,
    "WkIB": 0.00106,
    "Transmitted bandwidth IB": 257259.56,
    "WkIA": -0.00076,
    "Loss Probability nodes": 67.0717,
    "lambdaIA": 450,
    "R": 750,
    "Average Delay ABI": 0.47176,
    "Loss Probability links": 0,
    "lambdaBI": 150,
    "queueSize": 128,
    "Loss Probability": 67.0717,
    "Transmitted bandwidth IA": 185365.8,
    "Transmitted bandwidth ABI": 110777.72,
    "lambdaAI": 600
  },
  {
    "lamdbaIB": 600,
    "Average Delay IB": 0.25921,
    "Average Delay IA": 0.26055,
    "B": 10000000,
    "WkABI": -0.0144,
    "WkIB": 0.00275,
    "Transmitted bandwidth IB": 216796.3,
    "WkIA": -0.0085,
    "Loss Probability nodes": 56.31989,
    "lambdaIA": 450,
    "R": 1000,
    "Average Delay ABI": 0.26047,
    "Loss Probability links": 0,
    "lambdaBI": 150,
    "queueSize": 128,
    "Loss Probability": 56.31989,
    "Transmitted bandwidth IA": 163203.22,
    "Transmitted bandwidth ABI": 337029.38,
    "lambdaAI": 600
  }
]