[
  {
    "lambda": 150,
    "queueSize": 64,
    "Loss Probability": 0.01118,
    "Average Delay": 0.00986,
    "Transmitted bandwidth": 117543.4,
    "Wk": 0.01179
  },
  {
    "Transmitted bandwidth": 117739.33333,
    "Wk": 0.01179,
    "Average Delay": 0.0099,
    "queueSize": 96,
    "Loss Probability": 0.03317,
    "lambda": 150
  },
  {
    "Transmitted bandwidth": 116991,
    "Wk": 0.01179,
    "Average Delay": 0.00984,
    "queueSize": 128,
    "Loss Probability": 0.01115,
    "lambda": 150
  },
  {
    "Transmitted bandwidth": 117620.648,
    "Wk": 0.01179,
    "Average Delay": 0.00987,
    "queueSize": 10000,
    "Loss Probability": 0.00067,
    "lambda": 150
  },
  {
    "Transmitted bandwidth": 233642.73333,
    "Wk": 0.10156,
    "Average Delay": 0.13872,
    "queueSize": 64,
    "Loss Probability": 1.37433,
    "lambda": 300
  },
  {
    "Transmitted bandwidth": 230754.73333,
    "Wk": 0.10156,
    "Average Delay": 0.11477,
    "queueSize": 96,
    "Loss Probability": 0.41959,
    "lambda": 300
  },
  {
    "Transmitted bandwidth": 230433.4,
    "Wk": 0.10156,
    "Average Delay": 0.16925,
    "queueSize": 128,
    "Loss Probability": 0.78062,
    "lambda": 300
  },
  {
    "Transmitted bandwidth": 234200.228,
    "Wk": 0.10156,
    "Average Delay": 0.74235,
    "queueSize": 10000,
    "Loss Probability": 0.12461,
    "lambda": 300
  },
  {
    "Transmitted bandwidth": 234946.2,
    "Wk": -0.01535,
    "Average Delay": 0.23206,
    "queueSize": 64,
    "Loss Probability": 33.16216,
    "lambda": 450
  },
  {
    "Transmitted bandwidth": 233296.93333,
    "Wk": -0.01535,
    "Average Delay": 0.33406,
    "queueSize": 96,
    "Loss Probability": 33.29091,
    "lambda": 450
  },
  {
    "Transmitted bandwidth": 234862.66667,
    "Wk": -0.01535,
    "Average Delay": 0.43899,
    "queueSize": 128,
    "Loss Probability": 33.08208,
    "lambda": 450
  },
  {
    "Transmitted bandwidth": 234454.452,
    "Wk": -0.01535,
    "Average Delay": 29.98766,
    "queueSize": 10000,
    "Loss Probability": 33.52031,
    "lambda": 450
  }
]