[
  {
    "lambdaAI": 150,
    "lambdaBI": 150,
    "queueSize": 64,
    "R": 500,
    "B": 10000000,
    "Loss Probability nodes": 0,
    "Loss Probability links": 0,
    "Loss Probability": 0,
    "Average Delay": 0.00982,
    "Transmitted bandwidth": 233827.82,
    "Wk": 0.01509
  },
  {
    "B": 10000000,
    "R": 750,
    "Loss Probability": 0,
    "Transmitted bandwidth": 233577.3,
    "Wk": 0.00834,
    "Loss Probability nodes": 0,
    "Average Delay": 0.00663,
    "Loss Probability links": 0,
    "lambdaBI": 150,
    "queueSize": 64,
    "lambdaAI": 150
  },
  {
    "B": 10000000,
    "R": 1000,
    "Loss Probability": 0,
    "Transmitted bandwidth": 233979.32,
    "Wk": 0.00626,
    "Loss Probability nodes": 0,
    "Average Delay": 0.0054,
    "Loss Probability links": 0,
    "lambdaBI": 150,
    "queueSize": 64,
    "lambdaAI": 150
  },
  {
    "B": 10000000,
    "R": 500,
    "Loss Probability": 0,
    "Transmitted bandwidth": 232979.78,
    "Wk": 0.01509,
    "Loss Probability nodes": 0,
    "Average Delay": 0.00977,
    "Loss Probability links": 0,
    "lambdaBI": 150,
    "queueSize": 256,
    "lambdaAI": 150
  },
  {
    "B": 10000000,
    "R": 750,
    "Loss Probability": 0,
    "Transmitted bandwidth": 232961.94,
    "Wk": 0.00834,
    "Loss Probability nodes": 0,
    "Average Delay": 0.00662,
    "Loss Probability links": 0,
    "lambdaBI": 150,
    "queueSize": 256,
    "lambdaAI": 150
  },
  {
    "B": 10000000,
    "R": 1000,
    "Loss Probability": 0,
    "Transmitted bandwidth": 233344.6,
    "Wk": 0.00626,
    "Loss Probability nodes": 0,
    "Average Delay": 0.0054,
    "Loss Probability links": 0,
    "lambdaBI": 150,
    "queueSize": 256,
    "lambdaAI": 150
  },
  {
    "B": 10000000,
    "R": 500,
    "Loss Probability": 33.35175,
    "Transmitted bandwidth": 361545.4,
    "Wk": -0.01213,
    "Loss Probability nodes": 33.35175,
    "Average Delay": 0.24613,
    "Loss Probability links": 0,
    "lambdaBI": 600,
    "queueSize": 64,
    "lambdaAI": 150
  },
  {
    "B": 10000000,
    "R": 750,
    "Loss Probability": 0.80478,
    "Transmitted bandwidth": 583628.86,
    "Wk": 0.00896,
    "Loss Probability nodes": 0.80478,
    "Average Delay": 0.05317,
    "Loss Probability links": 0,
    "lambdaBI": 600,
    "queueSize": 64,
    "lambdaAI": 150
  },
  {
    "B": 10000000,
    "R": 1000,
    "Loss Probability": 0,
    "Transmitted bandwidth": 587890.16,
    "Wk": 0.01353,
    "Loss Probability nodes": 0,
    "Average Delay": 0.00745,
    "Loss Probability links": 0,
    "lambdaBI": 600,
    "queueSize": 64,
    "lambdaAI": 150
  },
  {
    "B": 10000000,
    "R": 500,
    "Loss Probability": 32.85452,
    "Transmitted bandwidth": 360799.32,
    "Wk": -0.01213,
    "Loss Probability nodes": 32.85452,
    "Average Delay": 0.97383,
    "Loss Probability links": 0,
    "lambdaBI": 600,
    "queueSize": 256,
    "lambdaAI": 150
  },
  {
    "B": 10000000,
    "R": 750,
    "Loss Probability": 0.30115,
    "Transmitted bandwidth": 585577.56,
    "Wk": 0.00896,
    "Loss Probability nodes": 0.30115,
    "Average Delay": 0.19829,
    "Loss Probability links": 0,
    "lambdaBI": 600,
    "queueSize": 256,
    "lambdaAI": 150
  },
  {
    "B": 10000000,
    "R": 1000,
    "Loss Probability": 0,
    "Transmitted bandwidth": 587321.62,
    "Wk": 0.01353,
    "Loss Probability nodes": 0,
    "Average Delay": 0.00746,
    "Loss Probability links": 0,
    "lambdaBI": 600,
    "queueSize": 256,
    "lambdaAI": 150
  },
  {
    "B": 10000000,
    "R": 500,
    "Loss Probability": 33.51197,
    "Transmitted bandwidth": 451030.38,
    "Wk": -0.01213,
    "Loss Probability nodes": 33.51197,
    "Average Delay": 0.23854,
    "Loss Probability links": 0,
    "lambdaBI": 150,
    "queueSize": 64,
    "lambdaAI": 600
  },
  {
    "B": 10000000,
    "R": 750,
    "Loss Probability": 0.56011,
    "Transmitted bandwidth": 582928.5,
    "Wk": 0.00896,
    "Loss Probability nodes": 0.56011,
    "Average Delay": 0.0491,
    "Loss Probability links": 0,
    "lambdaBI": 150,
    "queueSize": 64,
    "lambdaAI": 600
  },
  {
    "B": 10000000,
    "R": 1000,
    "Loss Probability": 0,
    "Transmitted bandwidth": 586636.96,
    "Wk": 0.01353,
    "Loss Probability nodes": 0,
    "Average Delay": 0.00745,
    "Loss Probability links": 0,
    "lambdaBI": 150,
    "queueSize": 64,
    "lambdaAI": 600
  },
  {
    "B": 10000000,
    "R": 500,
    "Loss Probability": 32.92378,
    "Transmitted bandwidth": 456723.48,
    "Wk": -0.01213,
    "Loss Probability nodes": 32.92378,
    "Average Delay": 0.92027,
    "Loss Probability links": 0,
    "lambdaBI": 150,
    "queueSize": 256,
    "lambdaAI": 600
  },
  {
    "B": 10000000,
    "R": 750,
    "Loss Probability": 0.20351,
    "Transmitted bandwidth": 584107.84,
    "Wk": 0.00896,
    "Loss Probability nodes": 0.20351,
    "Average Delay": 0.20534,
    "Loss Probability links": 0,
    "lambdaBI": 150,
    "queueSize": 256,
    "lambdaAI": 600
  },
  {
    "B": 10000000,
    "R": 1000,
    "Loss Probability": 0,
    "Transmitted bandwidth": 587001.24,
    "Wk": 0.01353,
    "Loss Probability nodes": 0,
    "Average Delay": 0.00746,
    "Loss Probability links": 0,
    "lambdaBI": 150,
    "queueSize": 256,
    "lambdaAI": 600
  },
  {
    "B": 10000000,
    "R": 500,
    "Loss Probability": 58.27027,
    "Transmitted bandwidth": 300473.28,
    "Wk": -0.00684,
    "Loss Probability nodes": 58.27027,
    "Average Delay": 0.25779,
    "Loss Probability links": 0,
    "lambdaBI": 600,
    "queueSize": 64,
    "lambdaAI": 600
  },
  {
    "B": 10000000,
    "R": 750,
    "Loss Probability": 37.59938,
    "Transmitted bandwidth": 679479.08,
    "Wk": 0.00824,
    "Loss Probability nodes": 37.59938,
    "Average Delay": 0.09361,
    "Loss Probability links": 0,
    "lambdaBI": 600,
    "queueSize": 64,
    "lambdaAI": 600
  },
  {
    "B": 10000000,
    "R": 1000,
    "Loss Probability": 16.5951,
    "Transmitted bandwidth": 844541.46,
    "Wk": -0.00148,
    "Loss Probability nodes": 16.5951,
    "Average Delay": 0.07278,
    "Loss Probability links": 0,
    "lambdaBI": 600,
    "queueSize": 64,
    "lambdaAI": 600
  },
  {
    "B": 10000000,
    "R": 500,
    "Loss Probability": 58.01832,
    "Transmitted bandwidth": 390560.74,
    "Wk": -0.00684,
    "Loss Probability nodes": 58.01832,
    "Average Delay": 1.02029,
    "Loss Probability links": 0,
    "lambdaBI": 600,
    "queueSize": 256,
    "lambdaAI": 600
  },
  {
    "B": 10000000,
    "R": 750,
    "Loss Probability": 37.47508,
    "Transmitted bandwidth": 679716.34,
    "Wk": 0.00824,
    "Loss Probability nodes": 37.47508,
    "Average Delay": 0.34891,
    "Loss Probability links": 0,
    "lambdaBI": 600,
    "queueSize": 256,
    "lambdaAI": 600
  },
  {
    "B": 10000000,
    "R": 1000,
    "Loss Probability": 16.69364,
    "Transmitted bandwidth": 844699.74,
    "Wk": -0.00148,
    "Loss Probability nodes": 16.69364,
    "Average Delay": 0.26385,
    "Loss Probability links": 0,
    "lambdaBI": 600,
    "queueSize": 256,
    "lambdaAI": 600
  }
]