lambdaStandard,lambdaSpecial,invmu,B,bStandard,bspecial,Sim Blk Prob Stand,Theo Blk Prob Stand,Sim Blk Prob Spe,Theo Blk Prob Spe,Sim Avg Link Load Spe,Theo Avg Link Load Spe,Theo Avg Link Load Stan
1,1,2,16,2,4,1,0.0008594757198109154,1,0.09523809523809523,0,0.4523809523809524,0.24978513107004727
1,1,2,24,2,4,1,0.0000011572684414342608,1,0.012084592145015107,0,0.3293051359516616,0.1666664737885931
1,1,2,32,2,4,0.8298086606243706,4.239077661329841e-10,0.4504296100462657,0.0008594757198109154,15.893195054272928,0.24978513107004727,0.12499999994701154
1,1,4,16,2,4,1,0.0304200582258927,1,0.31067961165048547,0,0.6893203883495146,0.4847899708870536
1,1,4,24,2,4,1,0.0006416879652056608,1,0.11716247139588101,0,0.5885583524027459,0.33311943734493143
1,1,4,32,2,4,0.9279220779220779,0.000003759783449909279,0.6407185628742516,0.0304200582258927,19.09933019965548,0.4847899708870536,0.24999906005413752
1,1,6,16,2,4,1,0.12187578366630444,1,0.46956521739130436,0,0.7956521739130434,0.6585931622502716
1,1,6,24,2,4,1,0.011364802629442217,1,0.2649223221586263,0,0.7350776778413736,0.4943175986852789
1,1,6,32,2,4,0.9539451405350491,0.00033427929370972716,0.7379126375458486,0.12187578366630444,20.691852843161676,0.6585931622502716,0.37487464526485886
1,1,8,16,2,4,1,0.23557026112368193,1,0.5746352413019079,0,0.8507295173961841,0.764429738876318
1,1,8,24,2,4,1,0.051406387712357934,1,0.38975188524395177,0,0.8136641530080642,0.6323957415250947
1,1,8,32,2,4,0.9788684389911384,0.004529831716282544,0.7977188862797719,0.23557026112368193,21.78938893800958,0.764429738876318,0.49773508414185874
1,1,10,16,2,4,1,0.3383184328873665,1,0.6466632177961718,0,0.8833419555095707,0.827101958890792
1,1,10,24,2,4,1,0.11973918844482513,1,0.48451490367843714,0,0.8591418272026048,0.7335506762959789
1,1,10,32,2,4,0.9857868020304569,0.022301872040363657,0.8222442899702085,0.3383184328873665,22.372533307041977,0.827101958890792,0.6110613299747727
1,1.5,2,16,2,4,1,0.0008594757198109154,1,0.20610687022900764,0,0.5954198473282443,0.24978513107004727
1,1.5,2,24,2,4,1,0.0000011572684414342608,1,0.05215711526078557,0,0.47392144236960715,0.1666664737885931
1,1.5,2,32,2,4,0.8811282740094023,4.239077661329841e-10,0.5687246507435781,0.008132439397150859,17.700738304911063,0.37195033522606846,0.12499999994701154
1,1.5,4,16,2,4,1,0.0304200582258927,1,0.46956521739130436,0,0.7956521739130434,0.4847899708870536
1,1.5,4,24,2,4,1,0.0006416879652056608,1,0.2649223221586263,0,0.7350776778413736,0.33311943734493143
1,1.5,4,32,2,4,0.9647139431312093,0.000003759783449909279,0.7208945406709055,0.12187578366630444,20.93212936616395,0.6585931622502716,0.24999906005413752
1,1.5,6,16,2,4,1,0.12187578366630444,1,0.6138085882683132,0,0.8689306763962953,0.6585931622502716
1,1.5,6,24,2,4,1,0.011364802629442217,1,0.4405162445447424,0,0.8392256331828862,0.4943175986852789
1,1.5,6,32,2,4,0.9744015957446809,0.00033427929370972716,0.8056925145674585,0.2891580971109576,21.956441095670087,0.7996971407501728,0.37487464526485886
1,1.5,8,16,2,4,1,0.23557026112368193,1,0.698464025869038,0,0.904607922392886,0.764429738876318
1,1.5,8,24,2,4,1,0.051406387712357934,1,0.5560889270294189,0,0.8878221459411623,0.6323957415250947
1,1.5,8,32,2,4,0.9861111111111112,0.004529831716282544,0.8398744113029827,0.42265511497526337,22.629629949456536,0.866017327537105,0.49773508414185874
1,1.5,10,16,2,4,1,0.3383184328873665,1,0.7532473329464804,0,0.9253225014506986,0.827101958890792
1,1.5,10,24,2,4,1,0.11973918844482513,1,0.6341108419488903,0,0.9147228951277742,0.7335506762959789
1,1.5,10,32,2,4,0.9947385728378823,0.022301872040363657,0.8783813995081601,0.5192555704153473,23.184882574714866,0.9013958054712238,0.6110613299747727
1,2,2,16,2,4,1,0.0008594757198109154,1,0.31067961165048547,0,0.6893203883495146,0.24978513107004727
1,2,2,24,2,4,1,0.0000011572684414342608,1,0.11716247139588101,0,0.5885583524027459,0.1666664737885931
1,2,2,32,2,4,0.929299572509043,4.239077661329841e-10,0.6466401853690831,0.0304200582258927,19.30972314974757,0.4847899708870536,0.12499999994701154
1,2,4,16,2,4,1,0.0304200582258927,1,0.5746352413019079,0,0.8507295173961841,0.4847899708870536
1,2,4,24,2,4,1,0.0006416879652056608,1,0.38975188524395177,0,0.8136641530080642,0.33311943734493143
1,2,4,32,2,4,0.9766469153014988,0.000003759783449909279,0.7929759704251387,0.23557026112368193,21.88324440684861,0.764429738876318,0.24999906005413752
1,2,6,16,2,4,1,0.12187578366630444,1,0.698464025869038,0,0.904607922392886,0.6585931622502716
1,2,6,24,2,4,1,0.011364802629442217,1,0.5560889270294189,0,0.8878221459411623,0.4943175986852789
1,2,6,32,2,4,0.9882154882154882,0.00033427929370972716,0.849324439883701,0.42265511497526337,22.796318262447056,0.866017327537105,0.37487464526485886
1,2,8,16,2,4,1,0.23557026112368193,1,0.7674004683840749,0,0.9303981264637002,0.764429738876318
1,2,8,24,2,4,1,0.051406387712357934,1,0.6545757364457709,0,0.9211313694779443,0.6323957415250947
1,2,8,32,2,4,0.9916219839142091,0.004529831716282544,0.883841770030171,0.5452009988062894,23.270363861916906,0.9095980023874213,0.49773508414185874
1,2,10,16,2,4,1,0.3383184328873665,1,0.810931354660828,0,0.9453432266958602,0.827101958890792
1,2,10,24,2,4,1,0.11973918844482513,1,0.7181399457265736,0,0.9395335142447546,0.7335506762959789
1,2,10,32,2,4,0.9936048468529115,0.022301872040363657,0.9064965586704717,0.6269796588832524,23.596630082608023,0.9325508527918691,0.6110613299747727
1,2.5,2,16,2,4,1,0.0008594757198109154,1,0.39834289356277885,0,0.7520713830465265,0.24978513107004727
1,2.5,2,24,2,4,1,0.0000011572684414342608,1,0.19184725888636503,0,0.6734606175946958,0.1666664737885931
1,2.5,2,32,2,4,0.9483892176199868,4.239077661329841e-10,0.6934639645685143,0.07004785220956704,20.275715652557807,0.5812200923690206,0.12499999994701154
1,2.5,4,16,2,4,1,0.0304200582258927,1,0.6466632177961718,0,0.8833419555095707,0.4847899708870536
1,2.5,4,24,2,4,1,0.0006416879652056608,1,0.48451490367843714,0,0.8591418272026048,0.33311943734493143
1,2.5,4,32,2,4,0.9848634419216847,0.000003759783449909279,0.8303283100107642,0.3383184328873665,22.560728384654134,0.827101958890792,0.24999906005413752
1,2.5,6,16,2,4,1,0.12187578366630444,1,0.7532473329464804,0,0.9253225014506986,0.6585931622502716
1,2.5,6,24,2,4,1,0.011364802629442217,1,0.6341108419488903,0,0.9147228951277742,0.4943175986852789
1,2.5,6,32,2,4,0.99079754601227,0.00033427929370972716,0.8760822510822511,0.5192555704153473,23.150624568055708,0.9013958054712238,0.37487464526485886
1,2.5,8,16,2,4,1,0.23557026112368193,1,0.810931354660828,0,0.9453432266958602,0.764429738876318
1,2.5,8,24,2,4,1,0.051406387712357934,1,0.7181399457265736,0,0.9395335142447546,0.6323957415250947
1,2.5,8,32,2,4,0.9946109801279892,0.004529831716282544,0.9059544425203143,0.6269796588832524,23.6012044670094,0.9325508527918691,0.49773508414185874
1,2.5,10,16,2,4,1,0.3383184328873665,1,0.84688530490039,0,0.9569668443725623,0.827101958890792
1,2.5,10,24,2,4,1,0.11973918844482513,1,0.7712013208249773,0,0.9533278298959277,0.7335506762959789
1,2.5,10,32,2,4,0.9961026307242611,0.022301872040363657,0.9249899719213799,0.6962904004123789,23.926612711821324,0.9490924987113162,0.6110613299747727
1,3,2,16,2,4,1,0.0008594757198109154,1,0.46956521739130436,0,0.7956521739130434,0.24978513107004727
1,3,2,24,2,4,1,0.0000011572684414342608,1,0.2649223221586263,0,0.7350776778413736,0.1666664737885931
1,3,2,32,2,4,0.9606722689075631,4.239077661329841e-10,0.7260689036022893,0.12187578366630444,20.933487983272713,0.6585931622502716,0.12499999994701154
1,3,4,16,2,4,1,0.0304200582258927,1,0.698464025869038,0,0.904607922392886,0.4847899708870536
1,3,4,24,2,4,1,0.0006416879652056608,1,0.5560889270294189,0,0.8878221459411623,0.33311943734493143
1,3,4,32,2,4,0.9928432010409889,0.000003759783449909279,0.8599161703066402,0.42265511497526337,23.023360553220904,0.866017327537105,0.24999906005413752
1,3,6,16,2,4,1,0.12187578366630444,1,0.7913877329473493,0,0.9387552017369278,0.6585931622502716
1,3,6,24,2,4,1,0.011364802629442217,1,0.6894965305651808,0,0.931510408304458,0.4943175986852789
1,3,6,32,2,4,0.991930060524546,0.00033427929370972716,0.897196261682243,0.589928948437742,23.441519492287345,0.9226598660150807,0.37487464526485886
1,3,8,16,2,4,1,0.23557026112368193,1,0.8408247673499178,0,0.9550513959004927,0.764429738876318
1,3,8,24,2,4,1,0.051406387712357934,1,0.762228150836978,0,0.9510873966520876,0.6323957415250947
1,3,8,32,2,4,0.9974059662775616,0.004529831716282544,0.9185235201440468,0.6845173449516601,23.76825429728762,0.9464479651450198,0.49773508414185874
1,3,10,16,2,4,1,0.3383184328873665,1,0.8713950065838734,0,0.9645374506209496,0.827101958890792
1,3,10,24,2,4,1,0.11973918844482513,1,0.807589506839984,0,0.96205246580008,0.7335506762959789
1,3,10,32,2,4,0.9955842391304348,0.022301872040363657,0.932689066187212,0.7442062556845108,23.98341257213724,0.9592265411830847,0.6110613299747727
2,1,2,16,2,4,1,0.0304200582258927,1,0.09523809523809523,0,0.4523809523809524,0.4847899708870536
2,1,2,24,2,4,1,0.0006416879652056608,1,0.012084592145015107,0,0.3293051359516616,0.33311943734493143
2,1,2,32,2,4,0.8611666666666666,0.000003759783449909279,0.48404080289568935,0.0008594757198109154,16.46578868907985,0.24978513107004727,0.24999906005413752
2,1,4,16,2,4,1,0.23557026112368193,1,0.31067961165048547,0,0.6893203883495146,0.764429738876318
2,1,4,24,2,4,1,0.051406387712357934,1,0.11716247139588101,0,0.5885583524027459,0.6323957415250947
2,1,4,32,2,4,0.9482613808163951,0.004529831716282544,0.6617200674536257,0.0304200582258927,19.53745260673672,0.4847899708870536,0.49773508414185874
2,1,6,16,2,4,1,0.42265511497526337,1,0.46956521739130436,0,0.7956521739130434,0.866017327537105
2,1,6,24,2,4,1,0.19856738890547534,1,0.2649223221586263,0,0.7350776778413736,0.8014326110945246
2,1,6,32,2,4,0.9727718586166074,0.060412592462564536,0.751232336510023,0.12187578366630444,21.116126000602943,0.6585931622502716,0.7046905556530767
2,1,8,16,2,4,1,0.5452009988062894,1,0.5746352413019079,0,0.8507295173961841,0.9095980023874213
2,1,8,24,2,4,1,0.3424210036433723,1,0.38975188524395177,0,0.8136641530080642,0.8767719951421703
2,1,8,32,2,4,0.9829613222013972,0.17530763101638708,0.7894553072625698,0.23557026112368193,21.53962403503104,0.764429738876318,0.8246923689836129
2,1,10,16,2,4,1,0.6269796588832524,1,0.6466632177961718,0,0.8833419555095707,0.9325508527918691
2,1,10,24,2,4,1,0.45178853931469576,1,0.48451490367843714,0,0.8591418272026048,0.9136857678088405
2,1,10,32,2,4,0.989281527382348,0.29203347319926587,0.8338826631509558,0.3383184328873665,22.373044582814362,0.827101958890792,0.8849581585009176
2,1.5,2,16,2,4,1,0.0304200582258927,1,0.20610687022900764,0,0.5954198473282443,0.4847899708870536
2,1.5,2,24,2,4,1,0.0006416879652056608,1,0.05215711526078557,0,0.47392144236960715,0.33311943734493143
2,1.5,2,32,2,4,0.8905010966762275,0.000003759783449909279,0.5683325961963733,0.008132439397150859,17.749988958457607,0.37195033522606846,0.24999906005413752
2,1.5,4,16,2,4,1,0.23557026112368193,1,0.46956521739130436,0,0.7956521739130434,0.764429738876318
2,1.5,4,24,2,4,1,0.051406387712357934,1,0.2649223221586263,0,0.7350776778413736,0.6323957415250947
2,1.5,4,32,2,4,0.9673362730687571,0.004529831716282544,0.7379157427937916,0.12187578366630444,20.872450712876127,0.6585931622502716,0.49773508414185874
2,1.5,6,16,2,4,1,0.42265511497526337,1,0.6138085882683132,0,0.8689306763962953,0.866017327537105
2,1.5,6,24,2,4,1,0.19856738890547534,1,0.4405162445447424,0,0.8392256331828862,0.8014326110945246
2,1.5,6,32,2,4,0.9864080888446876,0.060412592462564536,0.808301718366436,0.2891580971109576,21.949138896021832,0.7996971407501728,0.7046905556530767
2,1.5,8,16,2,4,1,0.5452009988062894,1,0.698464025869038,0,0.904607922392886,0.9095980023874213
2,1.5,8,24,2,4,1,0.3424210036433723,1,0.5560889270294189,0,0.8878221459411623,0.8767719951421703
2,1.5,8,32,2,4,0.9892619737514914,0.17530763101638708,0.8544444444444445,0.42265511497526337,22.70790821358196,0.866017327537105,0.8246923689836129
2,1.5,10,16,2,4,1,0.6269796588832524,1,0.7532473329464804,0,0.9253225014506986,0.9325508527918691
2,1.5,10,24,2,4,1,0.45178853931469576,1,0.6341108419488903,0,0.9147228951277742,0.9136857678088405
2,1.5,10,32,2,4,0.9960506829027481,0.29203347319926587,0.87595850248083,0.5192555704153473,23.320652829669417,0.9013958054712238,0.8849581585009176
2,2,2,16,2,4,1,0.0304200582258927,1,0.31067961165048547,0,0.6893203883495146,0.4847899708870536
2,2,2,24,2,4,1,0.0006416879652056608,1,0.11716247139588101,0,0.5885583524027459,0.33311943734493143
2,2,2,32,2,4,0.9307455540355677,0.000003759783449909279,0.6287027579162411,0.0304200582258927,19.137609008537954,0.4847899708870536,0.24999906005413752
2,2,4,16,2,4,1,0.23557026112368193,1,0.5746352413019079,0,0.8507295173961841,0.764429738876318
2,2,4,24,2,4,1,0.051406387712357934,1,0.38975188524395177,0,0.8136641530080642,0.6323957415250947
2,2,4,32,2,4,0.9829187396351575,0.004529831716282544,0.793859649122807,0.23557026112368193,21.830580128661843,0.764429738876318,0.49773508414185874
2,2,6,16,2,4,1,0.42265511497526337,1,0.698464025869038,0,0.904607922392886,0.866017327537105
2,2,6,24,2,4,1,0.19856738890547534,1,0.5560889270294189,0,0.8878221459411623,0.8014326110945246
2,2,6,32,2,4,0.9886082218920258,0.060412592462564536,0.8515973892133287,0.42265511497526337,22.548399732631758,0.866017327537105,0.7046905556530767
2,2,8,16,2,4,1,0.5452009988062894,1,0.7674004683840749,0,0.9303981264637002,0.9095980023874213
2,2,8,24,2,4,1,0.3424210036433723,1,0.6545757364457709,0,0.9211313694779443,0.8767719951421703
2,2,8,32,2,4,0.9950380416804498,0.17530763101638708,0.8882140512147079,0.5452009988062894,23.263706641114283,0.9095980023874213,0.8246923689836129
2,2,10,16,2,4,1,0.6269796588832524,1,0.810931354660828,0,0.9453432266958602,0.9325508527918691
2,2,10,24,2,4,1,0.45178853931469576,1,0.7181399457265736,0,0.9395335142447546,0.9136857678088405
2,2,10,32,2,4,0.9964081632653061,0.29203347319926587,0.9025452109845947,0.6269796588832524,23.47412021161874,0.9325508527918691,0.8849581585009176
2,2.5,2,16,2,4,1,0.0304200582258927,1,0.39834289356277885,0,0.7520713830465265,0.4847899708870536
2,2.5,2,24,2,4,1,0.0006416879652056608,1,0.19184725888636503,0,0.6734606175946958,0.33311943734493143
2,2.5,2,32,2,4,0.9550184625713327,0.000003759783449909279,0.6902195608782435,0.07004785220956704,20.273597416720964,0.5812200923690206,0.24999906005413752
2,2.5,4,16,2,4,1,0.23557026112368193,1,0.6466632177961718,0,0.8833419555095707,0.764429738876318
2,2.5,4,24,2,4,1,0.051406387712357934,1,0.48451490367843714,0,0.8591418272026048,0.6323957415250947
2,2.5,4,32,2,4,0.9809304619431202,0.004529831716282544,0.8299428267517618,0.3383184328873665,22.239987318832423,0.827101958890792,0.49773508414185874
2,2.5,6,16,2,4,1,0.42265511497526337,1,0.7532473329464804,0,0.9253225014506986,0.866017327537105
2,2.5,6,24,2,4,1,0.19856738890547534,1,0.6341108419488903,0,0.9147228951277742,0.8014326110945246
2,2.5,6,32,2,4,0.9912208050356137,0.060412592462564536,0.8782025486250838,0.5192555704153473,23.02136148223103,0.9013958054712238,0.7046905556530767
2,2.5,8,16,2,4,1,0.5452009988062894,1,0.810931354660828,0,0.9453432266958602,0.9095980023874213
2,2.5,8,24,2,4,1,0.3424210036433723,1,0.7181399457265736,0,0.9395335142447546,0.8767719951421703
2,2.5,8,32,2,4,0.9944898981466022,0.17530763101638708,0.9031647281579659,0.6269796588832524,23.46476342232939,0.9325508527918691,0.8246923689836129
2,2.5,10,16,2,4,1,0.6269796588832524,1,0.84688530490039,0,0.9569668443725623,0.9325508527918691
2,2.5,10,24,2,4,1,0.45178853931469576,1,0.7712013208249773,0,0.9533278298959277,0.9136857678088405
2,2.5,10,32,2,4,0.9962114972821611,0.29203347319926587,0.9274032708416434,0.6962904004123789,23.788283057937548,0.9490924987113162,0.8849581585009176
2,3,2,16,2,4,1,0.0304200582258927,1,0.46956521739130436,0,0.7956521739130434,0.4847899708870536
2,3,2,24,2,4,1,0.0006416879652056608,1,0.2649223221586263,0,0.7350776778413736,0.33311943734493143
2,3,2,32,2,4,0.9671606601549343,0.000003759783449909279,0.7330480579328505,0.12187578366630444,20.990867790057543,0.6585931622502716,0.24999906005413752
2,3,4,16,2,4,1,0.23557026112368193,1,0.698464025869038,0,0.904607922392886,0.764429738876318
2,3,4,24,2,4,1,0.051406387712357934,1,0.5560889270294189,0,0.8878221459411623,0.6323957415250947
2,3,4,32,2,4,0.9900924702774109,0.004529831716282544,0.852349738917898,0.42265511497526337,22.72777051778325,0.866017327537105,0.49773508414185874
2,3,6,16,2,4,1,0.42265511497526337,1,0.7913877329473493,0,0.9387552017369278,0.866017327537105
2,3,6,24,2,4,1,0.19856738890547534,1,0.6894965305651808,0,0.931510408304458,0.8014326110945246
2,3,6,32,2,4,0.9924076261177661,0.060412592462564536,0.8983240223463688,0.589928948437742,23.37262123559649,0.9226598660150807,0.7046905556530767
2,3,8,16,2,4,1,0.5452009988062894,1,0.8408247673499178,0,0.9550513959004927,0.9095980023874213
2,3,8,24,2,4,1,0.3424210036433723,1,0.762228150836978,0,0.9510873966520876,0.8767719951421703
2,3,8,32,2,4,0.9960668633235005,0.17530763101638708,0.9198803191489362,0.6845173449516601,23.775076544080996,0.9464479651450198,0.8246923689836129
2,3,10,16,2,4,1,0.6269796588832524,1,0.8713950065838734,0,0.9645374506209496,0.9325508527918691
2,3,10,24,2,4,1,0.45178853931469576,1,0.807589506839984,0,0.96205246580008,0.9136857678088405
2,3,10,32,2,4,0.9974966622162884,0.29203347319926587,0.9358011049723757,0.7442062556845108,23.75237327655246,0.9592265411830847,0.8849581585009176
3,1,2,16,2,4,1,0.12187578366630444,1,0.09523809523809523,0,0.4523809523809524,0.6585931622502716
3,1,2,24,2,4,1,0.011364802629442217,1,0.012084592145015107,0,0.3293051359516616,0.4943175986852789
3,1,2,32,2,4,0.8924490253192919,0.00033427929370972716,0.5114885114885115,0.0008594757198109154,17.17135853679938,0.24978513107004727,0.37487464526485886
3,1,4,16,2,4,1,0.42265511497526337,1,0.31067961165048547,0,0.6893203883495146,0.866017327537105
3,1,4,24,2,4,1,0.19856738890547534,1,0.11716247139588101,0,0.5885583524027459,0.8014326110945246
3,1,4,32,2,4,0.9597148353513636,0.060412592462564536,0.6785478547854785,0.0304200582258927,19.656379186544093,0.4847899708870536,0.7046905556530767
3,1,6,16,2,4,1,0.589928948437742,1,0.46956521739130436,0,0.7956521739130434,0.9226598660150807
3,1,6,24,2,4,1,0.40124449645512994,1,0.2649223221586263,0,0.7350776778413736,0.8981332553173048
3,1,6,32,2,4,0.9773801485482781,0.23569492696079944,0.7499141188594984,0.12187578366630444,20.91506302455256,0.6585931622502716,0.8598432071691006
3,1,8,16,2,4,1,0.6845173449516601,1,0.5746352413019079,0,0.8507295173961841,0.9464479651450198
3,1,8,24,2,4,1,0.532775537406636,1,0.38975188524395177,0,0.8136641530080642,0.934448925186728
3,1,8,32,2,4,0.9818262905563608,0.3885757737691884,0.8019768234492161,0.23557026112368193,21.41811904593688,0.764429738876318,0.9171363393462173
3,1,10,16,2,4,1,0.7442062556845108,1,0.6466632177961718,0,0.8833419555095707,0.9592265411830847
3,1,10,24,2,4,1,0.6190940924325755,1,0.48451490367843714,0,0.8591418272026048,0.9522647689185614
3,1,10,32,2,4,0.9905871806364859,0.4971293226481519,0.8301698301698301,0.3383184328873665,22.134594699360814,0.827101958890792,0.9428825200347151
3,1.5,2,16,2,4,1,0.12187578366630444,1,0.20610687022900764,0,0.5954198473282443,0.6585931622502716
3,1.5,2,24,2,4,1,0.011364802629442217,1,0.05215711526078557,0,0.47392144236960715,0.4943175986852789
3,1.5,2,32,2,4,0.9269770050476724,0.00033427929370972716,0.5950285965684118,0.008132439397150859,18.497846413630253,0.37195033522606846,0.37487464526485886
3,1.5,4,16,2,4,1,0.42265511497526337,1,0.46956521739130436,0,0.7956521739130434,0.866017327537105
3,1.5,4,24,2,4,1,0.19856738890547534,1,0.2649223221586263,0,0.7350776778413736,0.8014326110945246
3,1.5,4,32,2,4,0.9682397673898456,0.060412592462564536,0.7593397046046916,0.12187578366630444,20.78213096837105,0.6585931622502716,0.7046905556530767
3,1.5,6,16,2,4,1,0.589928948437742,1,0.6138085882683132,0,0.8689306763962953,0.9226598660150807
3,1.5,6,24,2,4,1,0.40124449645512994,1,0.4405162445447424,0,0.8392256331828862,0.8981332553173048
3,1.5,6,32,2,4,0.987386201601404,0.23569492696079944,0.821333922261484,0.2891580971109576,22.289951344493492,0.7996971407501728,0.8598432071691006
3,1.5,8,16,2,4,1,0.6845173449516601,1,0.698464025869038,0,0.904607922392886,0.9464479651450198
3,1.5,8,24,2,4,1,0.532775537406636,1,0.5560889270294189,0,0.8878221459411623,0.934448925186728
3,1.5,8,32,2,4,0.9926191008722881,0.3885757737691884,0.8509479189365875,0.42265511497526337,22.654924838784222,0.866017327537105,0.9171363393462173
3,1.5,10,16,2,4,1,0.7442062556845108,1,0.7532473329464804,0,0.9253225014506986,0.9592265411830847
3,1.5,10,24,2,4,1,0.6190940924325755,1,0.6341108419488903,0,0.9147228951277742,0.9522647689185614
3,1.5,10,32,2,4,0.9924090198705068,0.4971293226481519,0.8850443888003642,0.5192555704153473,22.958255178354815,0.9013958054712238,0.9428825200347151
3,2,2,16,2,4,1,0.12187578366630444,1,0.31067961165048547,0,0.6893203883495146,0.6585931622502716
3,2,2,24,2,4,1,0.011364802629442217,1,0.11716247139588101,0,0.5885583524027459,0.4943175986852789
3,2,2,32,2,4,0.9358240771906204,0.00033427929370972716,0.6552128729466979,0.0304200582258927,19.242191431133566,0.4847899708870536,0.37487464526485886
3,2,4,16,2,4,1,0.42265511497526337,1,0.5746352413019079,0,0.8507295173961841,0.866017327537105
3,2,4,24,2,4,1,0.19856738890547534,1,0.38975188524395177,0,0.8136641530080642,0.8014326110945246
3,2,4,32,2,4,0.9797867614393603,0.060412592462564536,0.7932412185783253,0.23557026112368193,21.572409847268037,0.764429738876318,0.7046905556530767
3,2,6,16,2,4,1,0.589928948437742,1,0.698464025869038,0,0.904607922392886,0.9226598660150807
3,2,6,24,2,4,1,0.40124449645512994,1,0.5560889270294189,0,0.8878221459411623,0.8981332553173048
3,2,6,32,2,4,0.9907874533889011,0.23569492696079944,0.8557156894857517,0.42265511497526337,22.648525184240256,0.866017327537105,0.8598432071691006
3,2,8,16,2,4,1,0.6845173449516601,1,0.7674004683840749,0,0.9303981264637002,0.9464479651450198
3,2,8,24,2,4,1,0.532775537406636,1,0.6545757364457709,0,0.9211313694779443,0.934448925186728
3,2,8,32,2,4,0.9919746806827173,0.3885757737691884,0.8863560732113145,0.5452009988062894,22.907486465392303,0.9095980023874213,0.9171363393462173
3,2,10,16,2,4,1,0.7442062556845108,1,0.810931354660828,0,0.9453432266958602,0.9592265411830847
3,2,10,24,2,4,1,0.6190940924325755,1,0.7181399457265736,0,0.9395335142447546,0.9522647689185614
3,2,10,32,2,4,0.9962459975709396,0.4971293226481519,0.9068497683653209,0.6269796588832524,23.39603834779921,0.9325508527918691,0.9428825200347151
3,2.5,2,16,2,4,1,0.12187578366630444,1,0.39834289356277885,0,0.7520713830465265,0.6585931622502716
3,2.5,2,24,2,4,1,0.011364802629442217,1,0.19184725888636503,0,0.6734606175946958,0.4943175986852789
3,2.5,2,32,2,4,0.9541892041064135,0.00033427929370972716,0.7115436241610739,0.07004785220956704,20.29329276630671,0.5812200923690206,0.37487464526485886
3,2.5,4,16,2,4,1,0.42265511497526337,1,0.6466632177961718,0,0.8833419555095707,0.866017327537105
3,2.5,4,24,2,4,1,0.19856738890547534,1,0.48451490367843714,0,0.8591418272026048,0.8014326110945246
3,2.5,4,32,2,4,0.9856267409470753,0.060412592462564536,0.8293108071869134,0.3383184328873665,22.116020761715724,0.827101958890792,0.7046905556530767
3,2.5,6,16,2,4,1,0.589928948437742,1,0.7532473329464804,0,0.9253225014506986,0.9226598660150807
3,2.5,6,24,2,4,1,0.40124449645512994,1,0.6341108419488903,0,0.9147228951277742,0.8981332553173048
3,2.5,6,32,2,4,0.9966139954853274,0.23569492696079944,0.8798666666666667,0.5192555704153473,23.279298398446326,0.9013958054712238,0.8598432071691006
3,2.5,8,16,2,4,1,0.6845173449516601,1,0.810931354660828,0,0.9453432266958602,0.9464479651450198
3,2.5,8,24,2,4,1,0.532775537406636,1,0.7181399457265736,0,0.9395335142447546,0.934448925186728
3,2.5,8,32,2,4,0.9961385576377059,0.3885757737691884,0.9011573766130105,0.6269796588832524,23.313765834675564,0.9325508527918691,0.9171363393462173
3,2.5,10,16,2,4,1,0.7442062556845108,1,0.84688530490039,0,0.9569668443725623,0.9592265411830847
3,2.5,10,24,2,4,1,0.6190940924325755,1,0.7712013208249773,0,0.9533278298959277,0.9522647689185614
3,2.5,10,32,2,4,0.9981390257252326,0.4971293226481519,0.9266834905033869,0.6962904004123789,23.905022803887963,0.9490924987113162,0.9428825200347151
3,3,2,16,2,4,1,0.12187578366630444,1,0.46956521739130436,0,0.7956521739130434,0.6585931622502716
3,3,2,24,2,4,1,0.011364802629442217,1,0.2649223221586263,0,0.7350776778413736,0.4943175986852789
3,3,2,32,2,4,0.9597694780006649,0.00033427929370972716,0.743986067268967,0.12187578366630444,20.745916087062284,0.6585931622502716,0.37487464526485886
3,3,4,16,2,4,1,0.42265511497526337,1,0.698464025869038,0,0.904607922392886,0.866017327537105
3,3,4,24,2,4,1,0.19856738890547534,1,0.5560889270294189,0,0.8878221459411623,0.8014326110945246
3,3,4,32,2,4,0.9885688669729912,0.060412592462564536,0.8533847000550357,0.42265511497526337,22.72182364240686,0.866017327537105,0.7046905556530767
3,3,6,16,2,4,1,0.589928948437742,1,0.7913877329473493,0,0.9387552017369278,0.9226598660150807
3,3,6,24,2,4,1,0.40124449645512994,1,0.6894965305651808,0,0.931510408304458,0.8981332553173048
3,3,6,32,2,4,0.9935410764872521,0.23569492696079944,0.8958660975061784,0.589928948437742,23.25908193313786,0.9226598660150807,0.8598432071691006
3,3,8,16,2,4,1,0.6845173449516601,1,0.8408247673499178,0,0.9550513959004927,0.9464479651450198
3,3,8,24,2,4,1,0.532775537406636,1,0.762228150836978,0,0.9510873966520876,0.934448925186728
3,3,8,32,2,4,0.9969882877858338,0.3885757737691884,0.9231890558421171,0.6845173449516601,23.723026768383768,0.9464479651450198,0.9171363393462173
3,3,10,16,2,4,1,0.7442062556845108,1,0.8713950065838734,0,0.9645374506209496,0.9592265411830847
3,3,10,24,2,4,1,0.6190940924325755,1,0.807589506839984,0,0.96205246580008,0.9522647689185614
3,3,10,32,2,4,0.9985742487387586,0.4971293226481519,0.936092715231788,0.7442062556845108,24.096481207202384,0.9592265411830847,0.9428825200347151
4,1,2,16,2,4,1,0.23557026112368193,1,0.09523809523809523,0,0.4523809523809524,0.764429738876318
4,1,2,24,2,4,1,0.051406387712357934,1,0.012084592145015107,0,0.3293051359516616,0.6323957415250947
4,1,2,32,2,4,0.8975041597337771,0.004529831716282544,0.5233986060404912,0.0008594757198109154,16.933065233991872,0.24978513107004727,0.49773508414185874
4,1,4,16,2,4,1,0.5452009988062894,1,0.31067961165048547,0,0.6893203883495146,0.9095980023874213
4,1,4,24,2,4,1,0.3424210036433723,1,0.11716247139588101,0,0.5885583524027459,0.8767719951421703
4,1,4,32,2,4,0.9603408995021517,0.17530763101638708,0.6727696404793608,0.0304200582258927,19.66947421946915,0.4847899708870536,0.8246923689836129
4,1,6,16,2,4,1,0.6845173449516601,1,0.46956521739130436,0,0.7956521739130434,0.9464479651450198
4,1,6,24,2,4,1,0.532775537406636,1,0.2649223221586263,0,0.7350776778413736,0.934448925186728
4,1,6,32,2,4,0.9833141542002302,0.3885757737691884,0.7645710543549443,0.12187578366630444,21.19976234375303,0.6585931622502716,0.9171363393462173
4,1,8,16,2,4,1,0.7594376245960348,1,0.5746352413019079,0,0.8507295173961841,0.9622495016158606
4,1,8,24,2,4,1,0.6413924156538735,1,0.38975188524395177,0,0.8136641530080642,0.9562868915896707
4,1,8,32,2,4,0.9882529367658085,0.525800772389734,0.8098983939691904,0.23557026112368193,21.931270586731316,0.764429738876318,0.948398455220532
4,1,10,16,2,4,1,0.805816675423802,1,0.6466632177961718,0,0.8833419555095707,0.97091662288099
4,1,10,24,2,4,1,0.7097816885605694,1,0.48451490367843714,0,0.8591418272026048,0.9673943714647681
4,1,10,32,2,4,0.9921028312190204,0.6148023193855535,0.8342876389356686,0.3383184328873665,21.96701480624669,0.827101958890792,0.9629942015361161
4,1.5,2,16,2,4,1,0.23557026112368193,1,0.20610687022900764,0,0.5954198473282443,0.764429738876318
4,1.5,2,24,2,4,1,0.051406387712357934,1,0.05215711526078557,0,0.47392144236960715,0.6323957415250947
4,1.5,2,32,2,4,0.9246682601170362,0.004529831716282544,0.607001321003963,0.008132439397150859,18.317322399982288,0.37195033522606846,0.49773508414185874
4,1.5,4,16,2,4,1,0.5452009988062894,1,0.46956521739130436,0,0.7956521739130434,0.9095980023874213
4,1.5,4,24,2,4,1,0.3424210036433723,1,0.2649223221586263,0,0.7350776778413736,0.8767719951421703
4,1.5,4,32,2,4,0.9736974789915966,0.17530763101638708,0.7555803571428571,0.12187578366630444,20.82908227870258,0.6585931622502716,0.8246923689836129
4,1.5,6,16,2,4,1,0.6845173449516601,1,0.6138085882683132,0,0.8689306763962953,0.9464479651450198
4,1.5,6,24,2,4,1,0.532775537406636,1,0.4405162445447424,0,0.8392256331828862,0.934448925186728
4,1.5,6,32,2,4,0.9871978438473848,0.3885757737691884,0.8235161363123449,0.2891580971109576,22.028273157273663,0.7996971407501728,0.9171363393462173
4,1.5,8,16,2,4,1,0.7594376245960348,1,0.698464025869038,0,0.904607922392886,0.9622495016158606
4,1.5,8,24,2,4,1,0.6413924156538735,1,0.5560889270294189,0,0.8878221459411623,0.9562868915896707
4,1.5,8,32,2,4,0.9936332065487018,0.525800772389734,0.858712715855573,0.42265511497526337,22.723393124157106,0.866017327537105,0.948398455220532
4,1.5,10,16,2,4,1,0.805816675423802,1,0.7532473329464804,0,0.9253225014506986,0.97091662288099
4,1.5,10,24,2,4,1,0.7097816885605694,1,0.6341108419488903,0,0.9147228951277742,0.9673943714647681
4,1.5,10,32,2,4,0.9947907914636196,0.6148023193855535,0.8771377137713772,0.5192555704153473,23.088004889010676,0.9013958054712238,0.9629942015361161
4,2,2,16,2,4,1,0.23557026112368193,1,0.31067961165048547,0,0.6893203883495146,0.764429738876318
4,2,2,24,2,4,1,0.051406387712357934,1,0.11716247139588101,0,0.5885583524027459,0.6323957415250947
4,2,2,32,2,4,0.941503484898772,0.004529831716282544,0.6628928692125718,0.0304200582258927,19.253544474284272,0.4847899708870536,0.49773508414185874
4,2,4,16,2,4,1,0.5452009988062894,1,0.5746352413019079,0,0.8507295173961841,0.9095980023874213
4,2,4,24,2,4,1,0.3424210036433723,1,0.38975188524395177,0,0.8136641530080642,0.8767719951421703
4,2,4,32,2,4,0.9819206189034645,0.17530763101638708,0.8075403358577543,0.23557026112368193,21.654196387899315,0.764429738876318,0.8246923689836129
4,2,6,16,2,4,1,0.6845173449516601,1,0.698464025869038,0,0.904607922392886,0.9464479651450198
4,2,6,24,2,4,1,0.532775537406636,1,0.5560889270294189,0,0.8878221459411623,0.934448925186728
4,2,6,32,2,4,0.9918531928900592,0.3885757737691884,0.8611157647847211,0.42265511497526337,22.751531142503058,0.866017327537105,0.9171363393462173
4,2,8,16,2,4,1,0.7594376245960348,1,0.7674004683840749,0,0.9303981264637002,0.9622495016158606
4,2,8,24,2,4,1,0.6413924156538735,1,0.6545757364457709,0,0.9211313694779443,0.9562868915896707
4,2,8,32,2,4,0.9951894674656089,0.525800772389734,0.8922770964534306,0.5452009988062894,23.122209246727085,0.9095980023874213,0.948398455220532
4,2,10,16,2,4,1,0.805816675423802,1,0.810931354660828,0,0.9453432266958602,0.97091662288099
4,2,10,24,2,4,1,0.7097816885605694,1,0.7181399457265736,0,0.9395335142447546,0.9673943714647681
4,2,10,32,2,4,0.9959701116614894,0.6148023193855535,0.9060700773153479,0.6269796588832524,23.423232301983173,0.9325508527918691,0.9629942015361161
4,2.5,2,16,2,4,1,0.23557026112368193,1,0.39834289356277885,0,0.7520713830465265,0.764429738876318
4,2.5,2,24,2,4,1,0.051406387712357934,1,0.19184725888636503,0,0.6734606175946958,0.6323957415250947
4,2.5,2,32,2,4,0.9564212611422912,0.004529831716282544,0.7147938348043736,0.07004785220956704,20.311772146102914,0.5812200923690206,0.49773508414185874
4,2.5,4,16,2,4,1,0.5452009988062894,1,0.6466632177961718,0,0.8833419555095707,0.9095980023874213
4,2.5,4,24,2,4,1,0.3424210036433723,1,0.48451490367843714,0,0.8591418272026048,0.8767719951421703
4,2.5,4,32,2,4,0.9887463798096814,0.17530763101638708,0.8295793758480325,0.3383184328873665,22.39511910300787,0.827101958890792,0.8246923689836129
4,2.5,6,16,2,4,1,0.6845173449516601,1,0.7532473329464804,0,0.9253225014506986,0.9464479651450198
4,2.5,6,24,2,4,1,0.532775537406636,1,0.6341108419488903,0,0.9147228951277742,0.934448925186728
4,2.5,6,32,2,4,0.9949196302157075,0.3885757737691884,0.8806595132164355,0.5192555704153473,23.172928190055554,0.9013958054712238,0.9171363393462173
4,2.5,8,16,2,4,1,0.7594376245960348,1,0.810931354660828,0,0.9453432266958602,0.9622495016158606
4,2.5,8,24,2,4,1,0.6413924156538735,1,0.7181399457265736,0,0.9395335142447546,0.9562868915896707
4,2.5,8,32,2,4,0.9968197015412216,0.525800772389734,0.9138022210470651,0.6269796588832524,23.514749868232936,0.9325508527918691,0.948398455220532
4,2.5,10,16,2,4,1,0.805816675423802,1,0.84688530490039,0,0.9569668443725623,0.97091662288099
4,2.5,10,24,2,4,1,0.7097816885605694,1,0.7712013208249773,0,0.9533278298959277,0.9673943714647681
4,2.5,10,32,2,4,0.9974320742213386,0.6148023193855535,0.9256396588486141,0.6962904004123789,23.47381616501703,0.9490924987113162,0.9629942015361161
4,3,2,16,2,4,1,0.23557026112368193,1,0.46956521739130436,0,0.7956521739130434,0.764429738876318
4,3,2,24,2,4,1,0.051406387712357934,1,0.2649223221586263,0,0.7350776778413736,0.6323957415250947
4,3,2,32,2,4,0.9640215198386012,0.004529831716282544,0.7553964880885807,0.12187578366630444,20.98884828849578,0.6585931622502716,0.49773508414185874
4,3,4,16,2,4,1,0.5452009988062894,1,0.698464025869038,0,0.904607922392886,0.9095980023874213
4,3,4,24,2,4,1,0.3424210036433723,1,0.5560889270294189,0,0.8878221459411623,0.8767719951421703
4,3,4,32,2,4,0.9909819639278558,0.17530763101638708,0.8536749831422792,0.42265511497526337,22.63840222453473,0.866017327537105,0.8246923689836129
4,3,6,16,2,4,1,0.6845173449516601,1,0.7913877329473493,0,0.9387552017369278,0.9464479651450198
4,3,6,24,2,4,1,0.532775537406636,1,0.6894965305651808,0,0.931510408304458,0.934448925186728
4,3,6,32,2,4,0.9941860465116279,0.3885757737691884,0.8990454800673778,0.589928948437742,23.292881573666406,0.9226598660150807,0.9171363393462173
4,3,8,16,2,4,1,0.7594376245960348,1,0.8408247673499178,0,0.9550513959004927,0.9622495016158606
4,3,8,24,2,4,1,0.6413924156538735,1,0.762228150836978,0,0.9510873966520876,0.9562868915896707
4,3,8,32,2,4,0.9957092169320901,0.525800772389734,0.9196796084102792,0.6845173449516601,23.66048522600318,0.9464479651450198,0.948398455220532
4,3,10,16,2,4,1,0.805816675423802,1,0.8713950065838734,0,0.9645374506209496,0.97091662288099
4,3,10,24,2,4,1,0.7097816885605694,1,0.807589506839984,0,0.96205246580008,0.9673943714647681
4,3,10,32,2,4,0.9974441421386759,0.6148023193855535,0.9373895759717314,0.7442062556845108,23.930191875464917,0.9592265411830847,0.9629942015361161
5,1,2,16,2,4,1,0.3383184328873665,1,0.09523809523809523,0,0.4523809523809524,0.827101958890792
5,1,2,24,2,4,1,0.11973918844482513,1,0.012084592145015107,0,0.3293051359516616,0.7335506762959789
5,1,2,32,2,4,0.9236814064997336,0.022301872040363657,0.5268888155724183,0.0008594757198109154,17.482822013847063,0.24978513107004727,0.6110613299747727
5,1,4,16,2,4,1,0.6269796588832524,1,0.31067961165048547,0,0.6893203883495146,0.9325508527918691
5,1,4,24,2,4,1,0.45178853931469576,1,0.11716247139588101,0,0.5885583524027459,0.9136857678088405
5,1,4,32,2,4,0.973464897659844,0.29203347319926587,0.6698176907494936,0.0304200582258927,19.613293130784893,0.4847899708870536,0.8849581585009176
5,1,6,16,2,4,1,0.7442062556845108,1,0.46956521739130436,0,0.7956521739130434,0.9592265411830847
5,1,6,24,2,4,1,0.6190940924325755,1,0.2649223221586263,0,0.7350776778413736,0.9522647689185614
5,1,6,32,2,4,0.9853942237789968,0.4971293226481519,0.7742773627801234,0.12187578366630444,21.111007838019024,0.6585931622502716,0.9428825200347151
5,1,8,16,2,4,1,0.805816675423802,1,0.5746352413019079,0,0.8507295173961841,0.97091662288099
5,1,8,24,2,4,1,0.7097816885605694,1,0.38975188524395177,0,0.8136641530080642,0.9673943714647681
5,1,8,32,2,4,0.9912923016030081,0.6148023193855535,0.8010716677829873,0.23557026112368193,21.718989532118798,0.764429738876318,0.9629942015361161
5,1,10,16,2,4,1,0.843611582694672,1,0.6466632177961718,0,0.8833419555095707,0.9774276081582998
5,1,10,24,2,4,1,0.765923646650449,1,0.48451490367843714,0,0.8591418272026048,0.9753181389564626
5,1,10,32,2,4,0.9951158339383539,0.6887030194388882,0.8315091210613599,0.3383184328873665,22.484066517475203,0.827101958890792,0.9728030642534743
5,1.5,2,16,2,4,1,0.3383184328873665,1,0.20610687022900764,0,0.5954198473282443,0.827101958890792
5,1.5,2,24,2,4,1,0.11973918844482513,1,0.05215711526078557,0,0.47392144236960715,0.7335506762959789
5,1.5,2,32,2,4,0.935528664947431,0.022301872040363657,0.605389358300982,0.008132439397150859,18.260894380017657,0.37195033522606846,0.6110613299747727
5,1.5,4,16,2,4,1,0.6269796588832524,1,0.46956521739130436,0,0.7956521739130434,0.9325508527918691
5,1.5,4,24,2,4,1,0.45178853931469576,1,0.2649223221586263,0,0.7350776778413736,0.9136857678088405
5,1.5,4,32,2,4,0.9794162419749818,0.29203347319926587,0.7585895117540687,0.12187578366630444,20.82803344699174,0.6585931622502716,0.8849581585009176
5,1.5,6,16,2,4,1,0.7442062556845108,1,0.6138085882683132,0,0.8689306763962953,0.9592265411830847
5,1.5,6,24,2,4,1,0.6190940924325755,1,0.4405162445447424,0,0.8392256331828862,0.9522647689185614
5,1.5,6,32,2,4,0.9897734108682574,0.4971293226481519,0.8191537761601456,0.2891580971109576,21.865127460513406,0.7996971407501728,0.9428825200347151
5,1.5,8,16,2,4,1,0.805816675423802,1,0.698464025869038,0,0.904607922392886,0.97091662288099
5,1.5,8,24,2,4,1,0.7097816885605694,1,0.5560889270294189,0,0.8878221459411623,0.9673943714647681
5,1.5,8,32,2,4,0.9932804730546969,0.6148023193855535,0.8556282427250169,0.42265511497526337,22.43792484468376,0.866017327537105,0.9629942015361161
5,1.5,10,16,2,4,1,0.843611582694672,1,0.7532473329464804,0,0.9253225014506986,0.9774276081582998
5,1.5,10,24,2,4,1,0.765923646650449,1,0.6341108419488903,0,0.9147228951277742,0.9753181389564626
5,1.5,10,32,2,4,0.9946903829561293,0.6887030194388882,0.8888888888888888,0.5192555704153473,22.845853880659167,0.9013958054712238,0.9728030642534743
5,2,2,16,2,4,1,0.3383184328873665,1,0.31067961165048547,0,0.6893203883495146,0.827101958890792
5,2,2,24,2,4,1,0.11973918844482513,1,0.11716247139588101,0,0.5885583524027459,0.7335506762959789
5,2,2,32,2,4,0.9531739159395191,0.022301872040363657,0.6691983122362869,0.0304200582258927,19.6089564394196,0.4847899708870536,0.6110613299747727
5,2,4,16,2,4,1,0.6269796588832524,1,0.5746352413019079,0,0.8507295173961841,0.9325508527918691
5,2,4,24,2,4,1,0.45178853931469576,1,0.38975188524395177,0,0.8136641530080642,0.9136857678088405
5,2,4,32,2,4,0.9860815130527437,0.29203347319926587,0.7951726449882669,0.23557026112368193,21.816046578230157,0.764429738876318,0.8849581585009176
5,2,6,16,2,4,1,0.7442062556845108,1,0.698464025869038,0,0.904607922392886,0.9592265411830847
5,2,6,24,2,4,1,0.6190940924325755,1,0.5560889270294189,0,0.8878221459411623,0.9522647689185614
5,2,6,32,2,4,0.9906303236797275,0.4971293226481519,0.8578406602661277,0.42265511497526337,22.551955994035378,0.866017327537105,0.9428825200347151
5,2,8,16,2,4,1,0.805816675423802,1,0.7674004683840749,0,0.9303981264637002,0.97091662288099
5,2,8,24,2,4,1,0.7097816885605694,1,0.6545757364457709,0,0.9211313694779443,0.9673943714647681
5,2,8,32,2,4,0.9964898337638254,0.6148023193855535,0.8841849148418491,0.5452009988062894,23.108669741005087,0.9095980023874213,0.9629942015361161
5,2,10,16,2,4,1,0.843611582694672,1,0.810931354660828,0,0.9453432266958602,0.9774276081582998
5,2,10,24,2,4,1,0.765923646650449,1,0.7181399457265736,0,0.9395335142447546,0.9753181389564626
5,2,10,32,2,4,0.997495261305172,0.6887030194388882,0.9107712989413544,0.6269796588832524,23.60594415942248,0.9325508527918691,0.9728030642534743
5,2.5,2,16,2,4,1,0.3383184328873665,1,0.39834289356277885,0,0.7520713830465265,0.827101958890792
5,2.5,2,24,2,4,1,0.11973918844482513,1,0.19184725888636503,0,0.6734606175946958,0.7335506762959789
5,2.5,2,32,2,4,0.959279351684415,0.022301872040363657,0.7159331919406151,0.07004785220956704,20.232373722320496,0.5812200923690206,0.6110613299747727
5,2.5,4,16,2,4,1,0.6269796588832524,1,0.6466632177961718,0,0.8833419555095707,0.9325508527918691
5,2.5,4,24,2,4,1,0.45178853931469576,1,0.48451490367843714,0,0.8591418272026048,0.9136857678088405
5,2.5,4,32,2,4,0.9900431463657484,0.29203347319926587,0.8393563703508309,0.3383184328873665,22.30762199850041,0.827101958890792,0.8849581585009176
5,2.5,6,16,2,4,1,0.7442062556845108,1,0.7532473329464804,0,0.9253225014506986,0.9592265411830847
5,2.5,6,24,2,4,1,0.6190940924325755,1,0.6341108419488903,0,0.9147228951277742,0.9522647689185614
5,2.5,6,32,2,4,0.9951381951381951,0.4971293226481519,0.8779656573600734,0.5192555704153473,23.2202653736056,0.9013958054712238,0.9428825200347151
5,2.5,8,16,2,4,1,0.805816675423802,1,0.810931354660828,0,0.9453432266958602,0.97091662288099
5,2.5,8,24,2,4,1,0.7097816885605694,1,0.7181399457265736,0,0.9395335142447546,0.9673943714647681
5,2.5,8,32,2,4,0.9955242545909301,0.6148023193855535,0.9066648419323936,0.6269796588832524,23.21800855301466,0.9325508527918691,0.9629942015361161
5,2.5,10,16,2,4,1,0.843611582694672,1,0.84688530490039,0,0.9569668443725623,0.9774276081582998
5,2.5,10,24,2,4,1,0.765923646650449,1,0.7712013208249773,0,0.9533278298959277,0.9753181389564626
5,2.5,10,32,2,4,0.9980137711864406,0.6887030194388882,0.9231187177397446,0.6962904004123789,23.807765706334582,0.9490924987113162,0.9728030642534743
5,3,2,16,2,4,1,0.3383184328873665,1,0.46956521739130436,0,0.7956521739130434,0.827101958890792
5,3,2,24,2,4,1,0.11973918844482513,1,0.2649223221586263,0,0.7350776778413736,0.7335506762959789
5,3,2,32,2,4,0.9694915254237289,0.022301872040363657,0.7586283185840708,0.12187578366630444,20.987786662988846,0.6585931622502716,0.6110613299747727
5,3,4,16,2,4,1,0.6269796588832524,1,0.698464025869038,0,0.904607922392886,0.9325508527918691
5,3,4,24,2,4,1,0.45178853931469576,1,0.5560889270294189,0,0.8878221459411623,0.9136857678088405
5,3,4,32,2,4,0.9881926740909701,0.29203347319926587,0.8521366582445348,0.42265511497526337,22.426545865530695,0.866017327537105,0.8849581585009176
5,3,6,16,2,4,1,0.7442062556845108,1,0.7913877329473493,0,0.9387552017369278,0.9592265411830847
5,3,6,24,2,4,1,0.6190940924325755,1,0.6894965305651808,0,0.931510408304458,0.9522647689185614
5,3,6,32,2,4,0.9969516235917827,0.4971293226481519,0.897891231964484,0.589928948437742,23.241711151783782,0.9226598660150807,0.9428825200347151
5,3,8,16,2,4,1,0.805816675423802,1,0.8408247673499178,0,0.9550513959004927,0.97091662288099
5,3,8,24,2,4,1,0.7097816885605694,1,0.762228150836978,0,0.9510873966520876,0.9673943714647681
5,3,8,32,2,4,0.9964167219641672,0.6148023193855535,0.9225492365567604,0.6845173449516601,23.564263303084225,0.9464479651450198,0.9629942015361161
5,3,10,16,2,4,1,0.843611582694672,1,0.8713950065838734,0,0.9645374506209496,0.9774276081582998
5,3,10,24,2,4,1,0.765923646650449,1,0.807589506839984,0,0.96205246580008,0.9753181389564626
5,3,10,32,2,4,0.9982047872340426,0.6887030194388882,0.9375563570784491,0.7442062556845108,23.77094806689262,0.9592265411830847,0.9728030642534743
